NAME;PRODUCT_CODE
Aceite Mezcla Siglo de Oro x 900 Ml BUNGE ARGENTINA S.A.;7794870000330
Aceitunas Verdes En Salmuera Doy Pack x 80 Gr VANOLI Y CIA S.A.;7790127000665
Arroz Largo Fino 00000 Molinos Ala x 500 Gr ADECO AGRO;7791120031564
Arroz Largo Fino Condor x 500 Gr MOLINOS RIO DE LA PLATA;7790070415608
Arroz Largo Fino Integral 00000 Noble Molinos Entrerrianos x 1 Kg COOP. ARROCEROS DE VILLA ELISA;7790203000336
Arvejas Secas Remojadas Lata Arcor x 300 Gr ARCOR;7790580982102
Cacao en Polvo Arcor x 360 Gr ARCOR;7790580402907
Café Instantaneo en Frasco de Vidrio La Morenita x 100 Gr LA VIRGINIA;7790170904767
Caldo de Verdura Wilde x 12 Un UNILEVER;7794000597723
Chimichurri Criollo Tradicional Botella x 250 VIA DELICIAS;7790216463081
Choclo en Granos Amarillo Lata Arcor x 300Gr ARCOR;7790580980009
Condimento para Arroz La Parmesana x 25 Gr POO ALIMENTOS S.A.;7796373002323
Condimento para Pizza Yuspe x 25 Gr JOSE LLENES SACIF;7794980909219
Condimento Provenzal Yuspe x 25 Gr JOSE LLENES SACIF;7794980938561
Dulce de Batata Light Emeth Bandeja x 480 Gr DULFIX;7791113006395
Dulce de Membrillo Light Emeth Bandeja x 480 Gr DULFIX;7791113006401
Edulcorante en Sobres con Aspartamo Tuy x 100 Un LA VIRGINIA;7790150695944
Endulzante TUY Líquido 0 Calorías La Virginia x 360 Cc LA VIRGINIA;7790150813188
Gelatina Cereza Light BC x 20 Gr ARCOR;7790580110635
Harina de Trigo 000 Boniella x 1Kg MOLINO HJ NAVAS Y CIA SACIA;7798198900013
Harina de Trigo 000 Caserita x 1 Kg LAGOMARSINO S.A.;7792590000159
Harina de Trigo 0000 Boniella x 1Kg MOLINO HJ NAVAS Y CIA SACIA;7798198900020
Harina de Trigo Leudante Boniella x 1Kg MOLINO HJ NAVAS Y CIA SACIA;7798198900037
Jardinera en Lata 7 Dias x 350 Cc RPB;7790036007717
Jugo de Limón Botella x 500 Cc VIA DELICIAS;7790216468277
Jugo de Limón Comensal Botella x 1 Lt FRADEALCO S.A.;7792378002238
Jugo de Limón Comensal Botella x 500 Cc FRADEALCO S.A.;7792378002221
Lentejas Secos Remojados Inalpa Lata x 350 Gr INDUSTRIAS ALIMENTICIAS PAVON ARRIBA S.A.;7792350004571
Mayonesa Light Doy Pack BC La Campagnola x 500 Gr ARCOR;7793360674105
Mermelada de Durazno Frasco Dulcor x 454 Gr DULCOR;7793046008415
Mermelada de Durazno Light Frasco Arcor x 390 Gr ARCOR;7790580511302
Mix de Cereales en Sobre La Parmesana x 100 Gr POO ALIMENTOS S.A.;7796373291000
Mostaza con Miel La Parmesanax 300 Gr POO ALIMENTOS S.A.;7796373000497
Orégano en Bolsa La Parmesana x 25 Gr POO ALIMENTOS S.A.;7796373002385
Pan Arabe Blanco Bimbo x 230 Gr GRUPO BIMBO;7796989010293
Pan con Salvado Lactal x 350 grs. GRUPO BIMBO;7793890251081
Pan de Mesa Lactal x 335 Gr GRUPO BIMBO;7793890250992
Pan Rallado Plus Mama Cocina x 1 Kg MOLINO CAÑUELAS;7792180004758
Pan Rallado Vita K Caserita x 1 Kg LAGOMARSINO S.A.;7792590003198
Polenta Instantánea Del Campo x 500 Gr RIVARA S.A.;7798004720088
Polvo para Bizcochuelo Libre de Gluten Chocolate Emeth x 500 Gr DULFIX;7791113004384
Polvo para Bizcochuelo Libre de Gluten Vainilla Emeth x 500 Gr DULFIX;7791113004353
Polvo para Bizcochuelo Premezcla Vainilla Godet x 480 Gr ARCOR;7790580626419
Polvo para Mousse Light sabor Dulce de Leche Royal Sobre x 30 Gr MONDELEZ;7622300871802
Prep. Super Naranja MI-JU 6 x 500 Cc RPB;7790036321127
Puré de Tomate 7 Días 18 x 210 Gr RPB;7790036008875
Puré de Tomate Listo Baggio de La Huerta x530 Gr RPB;7790036008868
Sal Dietética Sabor Ajo en Salero La Parmesana x 50 Gr POO ALIMENTOS S.A.;7796373001425
Sal Dietética Sabor Apio en Salero La Parmesana x 50 Gr POO ALIMENTOS S.A.;7796373001432
Sal Dietética Sabor Cebolla en Salero La Parmesana x 50 Gr POO ALIMENTOS S.A.;7796373001449
Sal Dietética Sin Sabor en Salero La Parmesana x 50 Gr POO ALIMENTOS S.A.;7796373001456
Sal Entrefina Parrillera Dos Anclas Estuche x500 BS.AS.;7792900092683
Sal Fina Light Dos Anclas Estuche x 500 Gr CIA.INTRODUCTORA BS.AS.;7792900009124
Salsa Crema de Ajo Botella x 250 Cc VIA DELICIAS;7790216467386
Salsa de Pesto en Bolsa La Parmesana x 20 Gr POO ALIMENTOS S.A.;7796373182100
Salsa de Soja La Parmesana x 300 Gr POO ALIMENTOS S.A.;7796373002712
Salsa Picante Roja La Parmesana x 180 Gr POO ALIMENTOS S.A.;7796373002934
Salsa Pomarola Salsati Doy Pack x 340 Gr ARCOR;7793360927508
Salsa Tipo Vitel Toné DP Línea x 250 Cc VIA DELICIAS;7790216471000
Té en Saquitos La Tranquera x 50 Un LLORENTE / KLEÑUK;7790480000456
Vinagre de Alcohol Comensal Botella x 1 Lt FRADEALCO S.A.;7792378000814
Vinagre de Manzana Comensal Botella x 500 Cc FRADEALCO S.A.;7792378000869
Vino Blanco Cavic 12 X 1 Lt RPB;7790036245324
Vino Tinto Cavic 12 X 1 Lt RPB;7790036246321
Yerba Mate Bajo Contenido de Polvo Paquete Metalizado Union x 500 Gr ESTABLECIMIENTO LAS MARIAS S.A.;7790387014167
Yerba Mate Campo Amanda x 1 Kg LA CACHUERA SA;7792710000243
Yerba Mate con Palo Amanda x 1 Kg LA CACHUERA SA;7792710000014
Yerba Mate con Palo Junior Rosamonte x 500Gr HREÑUK;7790411000210
Yerba Mate con Palo Selección Especial La Tranquera x 1 Kg LLORENTE / KLEÑUK;7790480089390
Yerba Mate con Palo Selección Especial La Tranquera x 500 Gr LLORENTE / KLEÑUK;7790480089383
Yerba Mate Despalada Rosamonte x 500 Gr HREÑUK;7790411000814
Yerba Mate Junior Rosamonte x 1 Kg HREÑUK;7790411001545
Yerba Mate Liviana Taragui x 1 Kg ESTABLECIMIENTO LAS MARIAS S.A.;7790387013511
Yerba Mate Rosamonte Despalada x 1 Kg HREÑUK;7790411000807
Yerba Mate Suave Nobleza Gaucha x 500 Gr MOLINOS RIO DE LA PLATA;7790070506696
Yerba Mate Suave Romance x 1 Kg GERULA S.A.;7790802000164
Gaseosa Cunnington Cola x 2.25 Lt PRODEA;7790639001976
Gaseosa Cunnington Lima Limón x 1.50 Lt PRODEA;7790639001662
Gaseosa Cunnington Lima Limón x 2.25 Lt PRODEA;7790639001365
Gaseosa de Pomelo Paso de los Toros x 1,5 Lt CERVECERIA Y MALTERIA QUILMES;7791813421412
Gaseosa Guaraná Zero x 1,5 Lt CERVECERIA Y MALTERIA QUILMES;7792798000852
Gaseosa Naranja MI-JU 6 x 2250 NF RPB;7790036004471
Gaseosa Pepsi Black x 1,5 Lt CERVECERIA Y MALTERIA QUILMES;7791813421054
Gaseosa Sprite Zero x 1.5 Lt COCA COLA;7790895064173
Jugo en Polvo Manzana BC La Campagnola x8.5 Gr ARCOR;7790580984717
Jugo Líquido Naranja BC La Campagnola x 1Lt ARCOR;7793360106033
Cintitas Crocantes Light Tostex x 125 Gr TOSTEX S.A.;7798125810439
Cintitas Crocantes Tostex con Semillas Tostex x 125 Gr TOSTEX S.A.;7798125810446
Cintitas Crocantes Tostex Sabor Pizza x 125 Gr TOSTEX S.A.;7798125810385
Cintitas Crocantes Tostex Sabor Queso x 125 Gr TOSTEX S.A.;7798125810347
Cintitas Crocantes Tostex Agridulces x 125 Gr TOSTEX S.A.;7798125810422
Cintitas Crocantes Tostex Clásica x 125 Gr TOSTEX S.A.;7798125810354
Cintitas Crocantes Tostex Sabor Cebolla x 125 Gr TOSTEX S.A.;7798125810361
Cintitas Crocantes Tostex Sabor Jamón x 125 Gr TOSTEX S.A.;7798125810521
Galletita Okebon Leche Chocolatada x 165 Gr ALICORP;7790263110853
Galletita Okebon Leche con Dulce de Leche x 165 Gr ALICORP;7790263110914
Galletitas Chips Tubo Tostex x 90 Gr TOSTEX S.A.;7798125810408
Galletitas Confites Tubo Tostex x 90 Gr TOSTEX S.A.;7798125810415
Galletitas Dulces con Avena y Chips Chocolate x 300 Gr TOSTEX S.A.;7798125810583
Galletitas Dulces con Avena y Pasas x 300 Gr TOSTEX S.A.;7798125810590
Galletitas Dulces con Avena, Naranja y Arándanos x 300 Gr TOSTEX S.A.;7798125810576
Galletitas Dulces Manón x 178 Gr MONDELEZ;7622300829629
Galletitas Sabor Chocolate Rellena Vainilla Macucas x 123 Gr ARCOR;7790040174801
Galletitas Vainilla Vocación Clásicas Pack x 3 Un x 465 Gr ARCOR;7790040177505
Crema de Leche Tonadita Light x 350 Cc ELCOR S.A.;7798060852143
Flan Vainilla con Caramelo Ilolay Kids x 110 Gr WILLINNER S.A.;7790787087334
Flan Vainilla con Dulce de Leche Ilolay Kids x110 Gr WILLINNER S.A.;7790787087341
Leche Chocolatada 7 Dias x 1 Lt RPB;7790036948348
Leche Chocolatada 7 Dias x 200 Cc RPB;7790036005324
Leche Entera 7 Días 8 x 1000 TS RPB;7790036948317
Leche Entera UAT Veronica x 1 Lt VERÓNICA S.A.;7794710010017
Manteca Tonadita Light x 200 Gr ELCOR S.A.;7798060852167
Postre Sabor Vainilla con Dulce de Leche Shimy x 120 Gr ALIMENTOS REFRIGERADOS S.A.;7790080040890
Postre Sabor Vainilla Shimy x 120 Gr ALIMENTOS REFRIGERADOS S.A.;7790080040876
Queso Blanco Light Casancrem x 500 Gr DANONE;7791337011311
Queso Crema Clásico Casancrem x 500 Gr DANONE;7791337011304
Queso Cremoso 1/2 Horma La Paulina x 1 Kg MOLFINO HNOS. SA;7794990866175
Queso Cremoso Horma La Paulina x 1 Kg MOLFINO HNOS. SA;7794990866144
Queso Cremoso Trozado La Paulina x 1 Kg MOLFINO HNOS. SA;7794990872206
Queso Mozzarella en Cilindro Doña Aurora x 250 Gr LÁCTEOS AURORA SRL;7798099130045
Queso Mozzarella en Cilindro Doña Aurora x 500 Gr LÁCTEOS AURORA SRL;7798099130014
Queso Port Salut 1/2 Horma La Paulina x 1 Kg MOLFINO HNOS. SA;7794990866212
Queso Port Salut Horma La Paulina x 1 Kg MOLFINO HNOS. SA;7794990866182
Queso Port Salut Trozado La Paulina x 1 Kg MOLFINO HNOS. SA;7794990871391
Queso Untable Clásico Veronica x 190 Gr VERÓNICA S.A.;7794710070103
Yogur Cereales Descremado Yogs Sabor Natural Pote X 162 Gr ALIMENTOS REFRIGERADOS S.A.;7790080067910
Yogur Entero Sabor Frutilla Yogurisimo Cremix Pack x 120 Gr DANONE;7791337965720
Yogur Entero Sabor Multifruta Yogurisimo Cremix Pack X 120 Gr DANONE;7791337999794
Yogur Entero Sabor Vainilla Yogurisimo Cremix Pack X 120 Gr DANONE;7791337965713
Yogur Frutado Descremado Yogs Sabor Durazno Pote x 180 Gr ALIMENTOS REFRIGERADOS S.A.;7790080065312
Yogur Frutado Descremado Yogs Sabor Frambuesa, Frutilla y Mora Pote X 180 Gr ALIMENTOS REFRIGERADOS S.A.;7790080065299
Yogur Frutado Descremado Yogs Sabor Frutilla Pote x 180 Gr ALIMENTOS REFRIGERADOS S.A.;7790080065305
Yogur Vainilla con Aritos Frutados Ilolay x 160 Gr WILLINNER S.A.;7790787104772
Yogurisimo Entero Sabor Frutilla Fortificado Firme x 125 Gr DANONE;7791337096080
Yogurisimo Entero Sabor Multifruta Fortificado Firme x 125 Gr DANONE;7791337960855
Yogurisimo Entero Sabor Vainilla Fortificado Firme x 125 Gr DANONE;7791337960817
Acuarela Infantil Pelikan x 6 Pastillas PELIKAN ARGENTINA S.A.;7501015210512
Adhesivo Sintético Transparente Pelikan x 50 ml PELIKAN ARGENTINA S.A.;7792700002479
Barra Adhesiva Micro x 8 Gr x 1 Un S. P. PRODUCTOS;7798184715782
Bolígrafo Azul Micro x 4 Un S. P. PRODUCTOS;7798000089165
Bolígrafo Azul Stick 026 1,0 Mm Filgo x 4 Un BENNY PEN ARGENTINA;7795513044780
Bolígrafo Azul Tinta Semi Gel Pointec Pelikan x 1 Un PELIKAN ARGENTINA S.A.;4012700962522
Bolígrafo Cristal Dura + Azul Bic x 3 Un BIC;70330139503
Bolígrafo Cristal Dura + Negro Bic x 3 Un BIC;70330176539
Bolígrafo Negro Stick 026 1,0 Mm Filgo x 4 Un BENNY PEN ARGENTINA;7795513044773
Bolígrafo Negro Tinta Semi Gel Pointec Pelikan x 1 Un PELIKAN ARGENTINA S.A.;4012700962539
Bolígrafo Retráctil Azul Filgo x 1 Un BENNY PEN ARGENTINA;7795513043431
Bolígrafo Retráctil Negro Filgo x 1 Un BENNY PEN ARGENTINA;7795513043448
Bolígrafo Rojo Tinta Semi Gel Pointec Pelikan x 1 Un PELIKAN ARGENTINA S.A.;4012700962546
Cartuchos de Tinta Azul Lavable Pelikan x 6 Un PELIKAN ARGENTINA S.A.;4012700301178
Cartuchos de Tinta Azul Modelo Europeo Filgo Pack x 6 Un BENNY PEN ARGENTINA;7795513043592
Goma Lápiz En Flow Pack x 2 Un S. P. PRODUCTOS;7798314120851
Fideos Mostacholes Manera x 500 Gr MOLINOS RIO DE LA PLATA;7791110001874
Fideos Secos Codito San Agustín x 500 Gr MOLINO CAÑUELAS;7792180004963
Fideos Secos San Agustín Tirabuzón x 500 Gr MOLINO CAÑUELAS;7792180004949
Fideos Secos Tirabuzón Fortificado Nutregal x 500 Gr ALICORP;7792550709351
Fideos Tallarines Manera x 500 Gr MOLINOS RIO DE LA PLATA;7791110003069
Tallarín Fortificado Nutregal x 500 Gr ALICORP;7792550709443
Tapa para Empanadas Criollas Anthony x 330 Gr PIPACO SRL;7795915000094
Tapas de Empanadas Light x 12 Un (330 grs) LA SALTEÑA SA;7790236001140
Tapas para Empanadas Hojaldre Fargo 16 Un x 453 Gr GRUPO BIMBO;7793890001563
Acondicionador con Extracto de Seda Brillo Intenso Duc x 350 Ml JOSÉ GUMA;7790828001800
Acondicionador con Extracto de Seda Frizz Out con Bio Serum Duc x 350 Ml JOSÉ GUMA;7790828001787
Acondicionador con Extracto de Seda Hidratación Revitalizante Duc x 350 Ml JOSÉ GUMA;7790828104228
Acondicionador con Extracto de Seda Liso Radiante Duc x 350 Ml JOSÉ GUMA;7790828104198
Acondicionador con Extracto de Seda Rizos Perfectos Duc x 350 Ml JOSÉ GUMA;7790828104204
Acondicionador DP Coco & Miel Algabo Natural x 300 Ml. ALGABO S.A.;7791274196997
Acondicionador Herbal Essences Prolóngalo x 300 Ml PROCTER & GAMBLE;7506195110171
Acondicionador Plusbelle Antioxidante x 1 Lt ALICORP;7790740502485
Acondicionador Plusbelle Brillo Sublime Effect x 650 Ml ALICORP;7790740507770
Alcohol Alimenticio Etílico 96° M.F. x 500 Cc FRADEALCO S.A.;7792378001712
Alcohol en Gel Sanitizante c/válvula Algabo x 300 Ml ALGABO S.A.;7791274196522
Alcohol en Gel -Satinitizante para Manos Dr. Farma X 300 Ml COSMETEC S.A.;7792143730007
Antitranspirante Aerosol Antibacterial Rexona x 150 Ml UNILEVER;7791293025537
Antitranspirante Aerosol Black Axe X 90 Gr UNILEVER;7791293028774
Antitranspirante Aerosol Rexona Antibacterial Mujer Compress x 150 Ml UNILEVER;77904331
Antitranspirante Piel Siempre Joven Roll On Plusbelle x 50 Gr ALICORP;77948632
Antitranspirante Roll On Flowers Hinds x 60 Gr GLAXOSMITHKLINE ARGENTINA S.A.;7794640171376
Antitranspirante Roll On Hombre Etiquet x 60 Gr GLAXOSMITHKLINE ARGENTINA S.A.;7794490630511
Baño de Crema Pote Aloe Vera Algabo x 350 Gr ALGABO S.A.;7791274195983
Cepillo Dental Classic Oral B x 1 Un PROCTER & GAMBLE;7702018652372
Cepillo Mediano Regular Ora Clean G.U.M x 1 Un SUNSTAR AMERICAS INC SUC ARG;70942121842
Colonia Ambré x 500 Ml ALGABO S.A.;7791274087134
Crema Corporal Pomo Fresh Algabo x 200 Ml ALGABO S.A.;7791274004407
Crema Corporal Pomo Milk Algabo x 200 Ml ALGABO S.A.;7791274004414
Crema de Manos y Cuerpo - Lady Love (Raspberry) Lola Puga X 200 Gr COSMETEC S.A.;7792143700611
Crema de Ordeñe Clásica (Vitaminas + Alantoina) VIVANT X 200 Gr COSMETEC S.A.;7792143012318
Crema Dental Multi Proteccion Sensodyne x 50 Gr GLAXOSMITHKLINE ARGENTINA S.A.;7896009419270
Crema Dental Triple 123 Extra Fresh Kolynos x 90 Gr COLGATE PALMOLIVE S.A.;7793100120220
Crema Dental Triple Proteccion Aquafresh x 85 Gr GLAXOSMITHKLINE ARGENTINA S.A.;7794640171819
Crema para Peinar Argan Algabo x 300 Ml ALGABO S.A.;7791274005121
Crema para Piel Normal Hidratacion Esencial en Botella Hinds x 250 Ml GLAXOSMITHKLINE ARGENTINA S.A.;7794640171468
Crema Post Solar Aloe Cocoa Beach x 200 Ml ALGABO S.A.;7791274001956
Desodorante Antibacterial Rexona x 90 Gr UNILEVER;7791293032375
Desodorante Patrichs L'uomo x 155 Gr UNILEVER;7791293027937
Enjuague Bucal Soft Mint Zero Alcohol COLGATE PLAX 250 Ml COLGATE PALMOLIVE S.A.;7793100141379
Fécula para Bebés Algabo Baby x 200 Gr ALGABO S.A.;7791274196546
Gel Brillo y Control en Pomo Transparente Algabo x 150 Gr ALGABO S.A.;7791274196447
Gel Fijación Fuerte en Pomo Azul Algabo x 150 Gr ALGABO S.A.;7791274196454
Hilo Dental de Cera Mentolada Dental Floss G.U.M x 129 Mts SUNSTAR AMERICAS INC SUC ARG;70942303194
Hisopos para Bebés Q- Soft Estuche x 30 Un PRIFAMON;7790773007131
Hisopos Tubo Algabo x 100 Un ALGABO S.A.;7791274005237
Hisopos Tubo Algabo x 200 Un ALGABO S.A.;7791274005244
Jabón Barra Cream Activ Natural Lifebouy x 90 Gr UNILEVER;7791293031699
Jabón Barra Total 10 Lifebouy x 90 Gr UNILEVER;7791293031712
Jabón de Tocador Antibacterial Clinerol Pack x 3 Un x 270 Gr JOSÉ GUMA;7790828001848
Jabón de Tocador de Glicerina Kenia Pack x 3 Un x 270 Gr JOSÉ GUMA;7790828101555
Jabón de Tocador de Glicerina Neutro Sin Perfume Duc x 125 Gr JOSÉ GUMA;7790828001466
Jabón de Tocador Duke Armonic x 130 Gr JOSÉ GUMA;7790828101036
Jabón de Tocador Duke Armonic x 90 Gr JOSÉ GUMA;7790828002609
Jabón Líquido - Blueberry Lola Puga x 221 Ml COSMETEC S.A.;7792143710306
Jabón Líquido - Citrus Lola Puga x 221 Ml COSMETEC S.A.;7792143710290
Jabón Líquido - Lemon Lola Puga x 221 Ml COSMETEC S.A.;7792143710313
Jabón Líquido - Verbena Lola Puga x 221 Ml COSMETEC S.A.;7792143710320
Jabón Líquido con Válvula Citrus Algabo x 300 Ml ALGABO S.A.;7791274193408
Jabón Líquido con Válvula Floral Algabo x 300 Ml ALGABO S.A.;7791274193415
Jabón Líquido con Válvula Green Tea Algabo x 300 Ml ALGABO S.A.;7791274193392
Jabón Líquido Doypack Citrus Algabo x 300 Ml ALGABO S.A.;7791274196010
Jabón líquido Doypack Floral Algabo x 300 Ml ALGABO S.A.;7791274196003
Jabón Líquido Doypack Green Tea Algabo x 300 Ml ALGABO S.A.;7791274196041
Jabón Night Therapy Plusbelle 3 x 125 Gr ALICORP;7790990586785
Maquina de Afeitar Bic Comfort 3 Action Normal x 2 Un BIC;70330717510
Maquina de Afeitar Bic Comfort 3 Action Sensitive x 2 Un BIC;70330717527
Paquete de Pañuelos Compacto Blanco Elite x 8 x 6 Un LA PAPELERA DEL PLATA S.A.;7790250054764
Preservativos con Espermicida Tulipán x 6 Un KOPELCO S.A.;7791014001642
Preservativos Super Fino Tulipán x 6 Un KOPELCO S.A.;7791014001536
Preservativos Tachas Tulipán x 6 Un KOPELCO S.A.;7791014001635
Preservativos Ultra resistente Tulipán x 6 Un KOPELCO S.A.;7791014001550
Protector Solar F15 Cocoa Beach x 200 Ml ALGABO S.A.;7791274004087
Protector Solar F30 Cocoa Beach x 200 Ml ALGABO S.A.;7791274004094
Protector Solar F45 Cocoa Beach x 200 Ml ALGABO S.A.;7791274004100
Quitaesmalte Humectante Algabo x 120 Ml ALGABO S.A.;7791274189494
Quitaesmalte Keratina Algabo x 120 Ml ALGABO S.A.;7791274000607
Repelente Crema Familiy Active Accion Instantánea Off x 200 Gr S.C. JOHNSON Y SON DE ARG. S.A.;7790520012173
Repelente en Aerosol Máxima Duración Livopen x 165 Ml UNILEVER;7791290786561
Repelente en Aerosol Protección Total Livopen x 165 Ml UNILEVER;7791290786554
Repelente Off Family Aerosol Active OFF! 12x165ml S.C. JOHNSON Y SON DE ARG. S.A.;7790520009494
Repelente para Mosquitos Crema Stop Vais x 200 Cc ALGABO S.A.;7791274195938
Repelente para Mosquitos Spray Stop Vais x 200 Cc ALGABO S.A.;7791274195952
Shampoo Anticaspa 2 en 1 Clear Dual Effect x 200 Ml UNILEVER;7501056342944
Shampoo Anticaspa Caida Defense Clear x 200 Ml UNILEVER;7501056344030
Shampoo Anticaspa Ice Cool Menthol Clear x 200 Ml UNILEVER;7501056343040
Shampoo Anticaspa Men Caída Control Clear x 200 Ml UNILEVER;7501056344047
Shampoo Anticaspa Suavidad y Brillo Clear x 200 Ml UNILEVER;7891150055025
Shampoo Antioxidante Plusbelle x 1 Lt ALICORP;7790740505592
Shampoo Brillo Intenso B3 Duc x 350 Ml JOSÉ GUMA;7790828001725
Shampoo Brillo Sublime Effect Plusbelle x 650 Ml ALICORP;7790740507732
Shampoo con Extracto de Seda Frizz Out Duc x 350 Ml JOSÉ GUMA;7790828001701
Shampoo con Extracto de Seda Hidratacion Revitalizante Duc x 350 Ml JOSÉ GUMA;7790828104181
Shampoo con Extracto de Seda Liso Radiante Duc x 350 Ml JOSÉ GUMA;7790828104150
Shampoo con Extracto de Seda Rizos Perfectos Duc x 350 Ml JOSÉ GUMA;7790828104167
Shampoo DoyPack Coco & Miel Algabo Natural x 300 Ml. ALGABO S.A.;7791274196966
Shampoo Herbal Essences Prolóngalo x 300 Ml PROCTER & GAMBLE;7506295302322
Spray Repelente de Insectos Dr. Farma X 200 Ml COSMETEC S.A.;7792143740006
Tampones Femeninos Tamaño Medio Intima x 20 Un JVASWISS Personal Care Products SRL;662425027040
Tampones Femeninos Tamaño Medio Intima x 8 Un JVASWISS Personal Care Products SRL;662425026821
Tampones Femeninos Tamaño Super Intima x 20 Un JVASWISS Personal Care Products SRL;662425026753
Tampones Femeninos Tamaño Super Intima x 8 Un JVASWISS Personal Care Products SRL;662425026845
Hisopos Babelito en Pote x 125 Un LÍNEA PARA EL BEBÉ BABELITO S.A.;7793970551377
Jabón Humectante para Bebé Babelito x 90 Gr LÍNEA PARA EL BEBÉ BABELITO S.A.;7793970551322
Mamadera con Tetina de Silicona x 250 Ml LÍNEA PARA EL BEBÉ BABELITO S.A.;7793970135614
Pañales Huggies Classic G Mega face Off 4x22 Un KIMBERLY CLARK ARGENTINA S.A.;7794626009228
Pañales Huggies Classic M Mega face Off 5x26 Un KIMBERLY CLARK ARGENTINA S.A.;7794626009211
Pañales Huggies Classic XG Mega Face Off 12x18 Un KIMBERLY CLARK ARGENTINA S.A.;7794626009235
Pañales Huggies Classic XXG Mega Face Off 8x17 Un KIMBERLY CLARK ARGENTINA S.A.;7794626009242
Pañales Talle Grande Mega Supersec Pampers x 22 Un PROCTER & GAMBLE;7500435005869
Pañales Talle Mediano Mega Supersec Pampers x 26 Un PROCTER & GAMBLE;7500435005852
Pañales Talle Pequeño Supersec Pampers x 30 Un PROCTER & GAMBLE;7500435005845
Pañales Talle XG Mega Supersec Pampers x 18 Un PROCTER & GAMBLE;7500435005876
Pañales Talle XXG Supersec Classic Pampers x 18 Un PROCTER & GAMBLE;7500435005883
PRIFAMON;7790773008350
Toallitas Quitaesmalte Q-Soft x10 Un PRIFAMON;7790773008442
Shampoo de Manzana Algabo x 930 Cc ALGABO S.A.;7791274195068
Shampoo DoyPack Coco & Miel Algabo Natural x 300 Ml. ALGABO S.A.;7791274196966
Shampoo Herbal Essences Prolóngalo x 300 Ml PROCTER & GAMBLE;7506295302322
Shampoo Mix Fruit Algabo x 930 Cc ALGABO S.A.;7791274195082
Spray Repelente de Insectos Dr. Farma X 200 Ml COSMETEC S.A.;7792143740006
Tampones Femeninos Tamaño Medio Intima x 20 Un JVASWISS Personal Care Products SRL;662425027040
Tampones Femeninos Tamaño Medio Intima x 8 Un JVASWISS Personal Care Products SRL;662425026821
Tampones Femeninos Tamaño Super Intima x 20 Un JVASWISS Personal Care Products SRL;662425026753
Tampones Femeninos Tamaño Super Intima x 8 Un JVASWISS Personal Care Products SRL;662425026845
Toallas Desmaquillante Hidratante Paquete Q Soft x 25 Un PRIFAMON;7790773008459
Toallas Desmaquillantes Refresh Q Soft x 25 Un PRIFAMON;7790773080219
Toallas Femeninas con Alas Plus Suave Always x 8 Un PROCTER & GAMBLE;7500435023320
Toallas Húmedas para Bebés Algabo Baby x 50 Un ALGABO S.A.;7791274197192
Toallitas Húmedas Bebé Q-Soft Flowpack x 25 Un PRIFAMON;7790773008350
Toallitas Quitaesmalte Q-Soft x10 Un PRIFAMON;7790773008442
